cog_resin.ppm	c460b9c2f8f4b15a97a38a69e851eafc4be83419b67807299555044f1f215e96
cog_wood.ppm	cb5ddd589eb3844e46e82e17c61d31a7baeee7ee8ade46847a2a12d45e94603b
cog.frag.spv	438df8e1e2d35a54e292a1c1c95730a300a5f205d4dcc996b7e50c24d507ea22
cog.vert.spv	295ba4dc5278c2499fad9078b64e136aee8bfe72c6ad5ec8be3fec59956dfc97
DirectML.dll	9c9e6d822561c6c41b90e6994b3e8857cf1d66dbfb1e0c4c799c7c89b4e92da1
download_models.ps1	df101c02e6d9f67a2563a6c70897f43605ca4e90601555647e69cdde65809b46
Download_VIMS_Shaders.ps1	03b4e6726a3c05beace98009b6d913878b2b4faefae47df685fec63b1ffc0273
hud.frag.spv	4c125f556927d745a7f5a59349b7fcbd4544bcc154a183464e1c313440110d59
hud.vert.spv	61752c41ff00e0be02c63f7b205141c5563ad2921705f64528563cd71d100ff0
libc++.dll	06a2ed158f5a91e4d500c8b0764a25dfe57097991d137d8272c529eeb5c66048
libunwind.dll	aa282fa47bb2c4e210cea5e470cdbdca58568f0be0bc73e404d86ab9cd95ef6a
LICENSE	f6b321c3a4bbeff3d42b3f1155ac7084e1585fadd5f1a7e5f72517c4a8b08629
models/README_MODEL_PACK.md	0a9cf26efaf8d4f900136c13aaeb59a3a8f46129cbb8b8d5b6b16c983ce18880
onnxruntime.dll	7e39e2bdbba836d98071ef28620735ba36a47c554cf794585269aecc50fab0da
spindle_metal.ppm	e2055e359b10552a30432ca95e8d0c470a6a44f897e93498739eaf696a03530f
THIRD_PARTY.md	8a333bbf71372f7e4fdaf43f82bccfc2a6d27e27776e97ba35f7237d3eb1acc5
VulkanImageMaskStudio.exe	1959c1bcd7f51f16d14ead32c2d09c91310ef08ed5c20b733bf4f43bbc5ebac4
